{"stats":{"minecraft:picked_up":{"minecraft:oak_log":2,"minecraft:dirt":1},"minecraft:used":{"minecraft:oak_log":2,"minecraft:dirt":1},"minecraft:custom":{"minecraft:jump":10,"minecraft:time_since_rest":1089,"minecraft:crouch_one_cm":241,"minecraft:leave_game":2,"minecraft:play_time":1089,"minecraft:sprint_one_cm":702,"minecraft:time_since_death":1089,"minecraft:walk_one_cm":4227,"minecraft:sneak_time":36,"minecraft:total_world_time":1089},"minecraft:mined":{"minecraft:grass_block":1,"minecraft:oak_log":2,"minecraft:fern":3}},"DataVersion":3120}