{"stats":{"minecraft:dropped":{"minecraft:enchanted_book":3,"minecraft:bread":41,"ava:sr_25_knut":1,"minecraft:wheat_seeds":3,"apocalypsenow:newspaper":3,"hunting_delight:humanmeat":8,"minecraft:cooked_porkchop":108,"taccraft:assault_vest_leggings":1,"hunting_delight:broken_bone":108,"majruszsdifficulty:soul_jar":2,"apocalypsenow:medicalkit":23,"apocalypsenow:red_crowbar":3,"minecraft:stick":8,"firstaid:bandage":28,"apocalypsenow:slitting_pears":2,"taccraft:assault_vest_helmet":2,"ava:remington870":2,"apocalypsenow:bandage":6,"apocalypsenow:porpsi":1,"taccraft:assault_vest_boots":2,"ava:m4a1":1,"additionalguns:m1014":1,"minecraft:bone_meal":2,"apocalypsenow:can":4,"hunting_delight:worm":3,"hunting_delight:huntingknife":1,"hunting_delight:animal_fat":3,"ava:mk18_air_warfare":1,"cgm:shell":23,"apocalypsenow:needle":2,"minecraft:bone":3,"majruszsdifficulty:cloth":64,"apocalypsenow:red_motorcycle_helmet_helmet":2,"minecraft:sugar_cane":4,"projectarsenal:vector":1,"apocalypsenow:glue":1,"minecraft:stone_sword":2,"taccraft:assault_vest_chestplate":1,"minecraft:rotten_flesh":30,"additionalguns:bullet_short":23,"fallout_inspired_power_armor:shotgun_shell":36,"apocalypsenow:bread_knife":8,"apocalypsenow:bloodybandages":5,"minecraft:salmon":2,"apocalypsenow:baseball_bat":3,"apocalypsenow:nailed_stick":1,"ava:colt_saa":1,"apexguns:rifle3030":1,"apocalypsenow:canned_corn":1,"majruszsdifficulty:bandage":44,"majruszsdifficulty:golden_bandage":47,"minecraft:light_gray_bed":3,"minecraft:ladder":1,"hunting_delight:animal_fat_block":1,"apocalypsenow:red_football_armor_chestplate":2,"minecraft:bow":2,"minecraft:arrow":67,"minecraft:wooden_pickaxe":1,"apocalypsenow:electrical_scrap":1,"ava:shotgun_ammo":76},"minecraft:mined":{"minecraft:spruce_planks":12,"minecraft:grass_block":4,"hunting_delight:pigcorpse":7,"minecraft:light_gray_bed":3,"apocalypsenow:rope":1,"minecraft:andesite":1,"minecraft:stone":16,"minecraft:cobblestone":1,"minecraft:tall_grass":5,"minecraft:oak_planks":1,"minecraft:bricks":15,"minecraft:black_bed":1,"minecraft:grass":41,"minecraft:oak_log":7,"minecraft:dirt":14,"minecraft:oak_leaves":2},"minecraft:killed_by":{"apocalypsenow:runner_39":1,"minecraft:player":2,"apocalypsenow:walker_1":1,"sanitydim:rotting_stalker":2,"apocalypsenow:runner_35":1,"apocalypsenow:runner_50":1,"sanitydim:sneaking_terror":2},"minecraft:used":{"projectarsenal:vector":190,"taccraft:assault_vest_chestplate":1,"apocalypsenow:rope":2,"minecraft:stone_sword":80,"minecraft:ladder":1,"minecraft:chest":11,"minecraft:spruce_planks":10,"projectarsenal:mp5a4":875,"minecraft:dirt":4,"majruszsdifficulty:golden_bandage":1,"zombie_extreme:bandage":1,"apexguns:kraber":11,"minecraft:bricks":15,"horror_element_mod:villager_head":1,"projectarsenal:golden_hawk":2,"hunting_delight:pigcorpse":7,"minecraft:egg":1,"taccraft:assault_vest_helmet":1,"additionalguns:vector":62,"horror_element_mod:scientist_body":1,"projectarsenal:val":9,"taccraft:assault_vest_leggings":1,"minecraft:stone_pickaxe":34,"horror_element_mod:phished_head":1,"minecraft:oak_planks":39,"minecraft:wooden_pickaxe":16,"minecraft:crafting_table":1,"apexguns:rifle3030":5,"minecraft:campfire":15,"projectarsenal:mossou":1,"horror_element_mod:blood_4":1,"majruszsdifficulty:undead_army_treasure_bag":19,"minecraft:bread":4,"additionalguns:m4a1s":87,"minecraft:iron_door":1,"minecraft:stone_axe":4,"apocalypsenow:red_football_armor_leggings":1,"minecraft:cobblestone":9,"minecraft:cooked_porkchop":4,"majruszsdifficulty:bandage":3,"minecraft:andesite":1,"minecraft:splash_potion":14,"taccraft:assault_vest_boots":2},"minecraft:killed":{"minecraft:zombified_piglin":1,"minecraft:witch":1,"apocalypsenow:walker_19":6,"apocalypsenow:crawler_3":1,"zombie_extreme:night_hunter":1,"apocalypsenow:looter_1":2,"apocalypsenow:walker_1":3,"apocalypsenow:runner_37":5,"apocalypsenow:runner_49":2,"minecraft:spider":1,"apocalypsenow:horde_5":2,"apocalypsenow:walker_29":2,"sanitydim:rotting_stalker":2,"apocalypsenow:runner_39":2,"apocalypsenow:runner_35":41,"sanitydim:sneaking_terror":6,"apocalypsenow:walker_3":2,"apocalypsenow:walker_26":16,"demogorgon:demogorgon":1,"minecraft:skeleton":22,"apocalypsenow:runner_38":2,"apocalypsenow:walker_15":12,"apocalypsenow:runner_46":2,"apocalypsenow:runner_42":6,"apocalypsenow:runner_41":2,"apocalypsenow:runner_45":21,"apocalypsenow:runner_53":1,"apocalypsenow:walker_10":1,"apocalypsenow:walker_18":3,"apocalypsenow:military_medic":1,"minecraft:drowned":3,"minecraft:turtle":1,"apocalypsenow:walker_22":2,"apocalypsenow:runner_34":42,"zombie_extreme:runner":1,"apocalypsenow:walker_30":1,"minecraft:husk":5,"minecraft:pig":9,"zombie_extreme:boomer":1,"zombie_extreme:infected_military":1,"minecraft:zombie_villager":1,"zombie_extreme:infected_hazmat":1,"apocalypsenow:runner_40":5,"apocalypsenow:walker_9":2,"apocalypsenow:runner_52":3,"majruszsdifficulty:tank":1,"apocalypsenow:walker_11":2,"apocalypsenow:walker_21":1,"apocalypsenow:walker_23":1,"apocalypsenow:walker_7":2,"apocalypsenow:runner_50":14,"apocalypsenow:runner_54":6,"apocalypsenow:walker_32":3,"minecraft:creeper":2,"apocalypsenow:walker_5":2,"minecraft:sheep":1,"apocalypsenow:horde_3":1,"apocalypsenow:walker_27":4,"apocalypsenow:walker_16":4,"minecraft:zombie":26,"apocalypsenow:runner_48":1,"apocalypsenow:walker_12":6,"apocalypsenow:walker_13":3,"minecraft:stray":4,"apocalypsenow:walker_17":4,"apocalypsenow:runner_43":6,"apocalypsenow:runner_47":1,"apocalypsenow:runner_36":14,"apocalypsenow:horde_4":3,"apocalypsenow:runner_51":3,"campsite_structures:camper":1,"apocalypsenow:runner_55":2,"apocalypsenow:walker_6":2,"minecraft:cow":4,"apocalypsenow:walker_2":2},"minecraft:custom":{"minecraft:mob_kills":386,"minecraft:interact_with_crafting_table":3,"minecraft:open_barrel":1,"minecraft:interact_with_campfire":73,"minecraft:damage_dealt_resisted":68,"minecraft:leave_game":3,"minecraft:time_since_death":405,"minecraft:climb_one_cm":29244,"minecraft:sprint_one_cm":209169,"minecraft:walk_one_cm":393796,"minecraft:drop":172,"minecraft:damage_dealt_absorbed":40,"minecraft:play_time":194362,"minecraft:deaths":10,"minecraft:sneak_time":9043,"minecraft:walk_under_water_one_cm":62349,"minecraft:jump":1076,"minecraft:walk_on_water_one_cm":67168,"minecraft:total_world_time":194362,"minecraft:interact_with_furnace":1,"minecraft:sleep_in_bed":10,"minecraft:time_since_rest":429,"minecraft:damage_taken":4485,"minecraft:damage_dealt":62763,"minecraft:swim_one_cm":53322,"minecraft:fly_one_cm":145945,"minecraft:player_kills":3,"minecraft:open_chest":37,"minecraft:crouch_one_cm":18458,"minecraft:interact_with_smoker":6,"minecraft:fall_one_cm":25834},"minecraft:crafted":{"minecraft:oak_planks":40,"minecraft:stone_pickaxe":1,"hunting_delight:huntingknife":1,"minecraft:cooked_porkchop":3,"minecraft:crafting_table":1,"minecraft:wooden_pickaxe":1,"minecraft:stone_axe":1,"minecraft:air":0,"minecraft:stick":12,"minecraft:stone_sword":1},"minecraft:picked_up":{"apocalypsenow:bread_knife":7,"minecraft:ladder":2,"apocalypsenow:bloodybandages":3,"apocalypsenow:slitting_pears":2,"projectarsenal:vector":3,"minecraft:shield":1,"minecraft:wooden_sword":1,"additionalguns:bullet_medium":28,"apocalypsenow:medicalkit":11,"minecraft:spruce_planks":13,"apocalypsenow:red_football_armor_chestplate":5,"apocalypsenow:can":4,"hunting_delight:pigcorpse":28,"ava:sr_25_knut":1,"minecraft:sugar_cane":4,"apocalypsenow:nailed_stick":1,"minecraft:egg":1,"minecraft:stick":31,"apocalypsenow:electrical_scrap":2,"hunting_delight:humanmeat":16,"apocalypsenow:canned_pork":4,"ava:m4a1_xplorer":3,"additionalguns:m1014":1,"minecraft:porkchop":106,"fallout_inspired_power_armor:shotgun_shell":24,"minecraft:stone_sword":5,"minecraft:arrow":6,"minecraft:light_gray_bed":8,"minecraft:rotten_flesh":208,"apocalypsenow:baseball_bat":3,"apocalypsenow:glue":1,"majruszsdifficulty:soul_jar":1,"ava:mk18_air_warfare":1,"firstaid:bandage":9,"hunting_delight:worm":6,"apocalypsenow:needle":3,"minecraft:cobblestone":33,"minecraft:air":0,"taccraft:assault_vest_helmet":7,"minecraft:iron_door":1,"minecraft:andesite":1,"minecraft:salmon":3,"minecraft:oak_log":10,"minecraft:dirt":18,"minecraft:leather_boots":1,"minecraft:bone":204,"taccraft:assault_vest_boots":5,"apocalypsenow:bandage":22,"minecraft:bow":6,"apocalypsenow:human_flesh":17,"minecraft:wheat_seeds":3,"additionalguns:m4a1s":3,"minecraft:stone_pickaxe":5,"ava:regular_rifle_magazine":241,"apocalypsenow:red_crowbar":3,"minecraft:oak_planks":28,"taccraft:assault_vest_leggings":5,"minecraft:cooked_porkchop":281,"minecraft:ink_sac":4,"majruszsdifficulty:bandage":15,"hunting_delight:animal_fat_block":2,"hunting_delight:animal_fat":121,"taccraft:assault_vest_chestplate":6,"apocalypsenow:red_football_armor_leggings":3,"apocalypsenow:red_motorcycle_helmet_helmet":3,"hunting_delight:huntingknife":1,"minecraft:stone_axe":1,"minecraft:campfire":8,"apocalypsenow:rope":2,"additionalguns:bullet_short":23,"hunting_delight:broken_bone":589,"minecraft:bone_meal":3,"apocalypsenow:newspaper":3,"minecraft:bread":103,"minecraft:bricks":15}},"DataVersion":3120}