{"stats":{"minecraft:custom":{"minecraft:jump":86,"minecraft:time_since_rest":6474,"minecraft:leave_game":1,"minecraft:crouch_one_cm":1053,"minecraft:sprint_one_cm":12622,"minecraft:play_time":6474,"minecraft:time_since_death":6474,"minecraft:walk_one_cm":7954,"minecraft:sneak_time":337,"minecraft:climb_one_cm":1151,"minecraft:total_world_time":6474,"minecraft:drop":3,"minecraft:fly_one_cm":28678},"minecraft:picked_up":{"minecraft:jungle_leaves":1,"minecraft:bamboo":4},"minecraft:used":{"minecraft:bamboo":45,"minecraft:stone":26,"minecraft:gravel":7},"minecraft:dropped":{"minecraft:gravel":1,"minecraft:jungle_leaves":1,"minecraft:stone":1}},"DataVersion":3120}