{"stats":{"minecraft:dropped":{"minecraft:bread":10,"apocalypsenow:newspaper":1,"apocalypsenow:red_crowbar":1,"apocalypsenow:slitting_pears":1,"additionalguns:m1014":1,"minecraft:wooden_sword":1,"apocalypsenow:can":4,"apocalypsenow:crowbar":1,"apocalypsenow:needle":1,"apocalypsenow:red_motorcycle_helmet_helmet":1,"minecraft:sugar_cane":1,"minecraft:rotten_flesh":2,"additionalguns:bullet_short":23,"apocalypsenow:bread_knife":1,"apocalypsenow:bloodybandages":2,"apocalypsenow:canned_pork":1,"apocalypsenow:baseball_bat":1,"apocalypsenow:nailed_stick":1,"minecraft:gray_terracotta":4,"minecraft:shield":1,"majruszsdifficulty:bandage":11,"minecraft:leather_boots":1,"minecraft:ladder":1,"apocalypsenow:rope":1,"minecraft:bow":1,"apocalypsenow:electrical_scrap":1},"minecraft:mined":{"minecraft:spruce_planks":1,"hunting_delight:pigcorpse":1,"minecraft:pumpkin":19,"bunker_down:steel_block":1,"minecraft:stone":6,"minecraft:gray_terracotta":3,"minecraft:chest":2,"minecraft:cobblestone":3,"minecraft:tall_grass":34,"minecraft:oak_planks":2,"minecraft:bricks":11,"horror_element_mod:phished_head":1,"minecraft:black_bed":1,"minecraft:dark_prismarine_slab":1,"minecraft:grass":102,"minecraft:oak_log":5,"minecraft:polished_andesite":1,"minecraft:oak_leaves":5},"minecraft:killed_by":{"minecraft:player":3,"minecraft:stray":2,"minecraft:skeleton":2,"apocalypsenow:runner_45":2},"minecraft:used":{"minecraft:stone_sword":16,"minecraft:chest":2,"minecraft:spruce_planks":1,"bunker_down:brittle_pickaxe":14,"majruszsdifficulty:golden_bandage":33,"minecraft:bricks":11,"apocalypsenow:chocolate_bar":1,"additionalguns:m1014":31,"minecraft:oak_sapling":1,"minecraft:pumpkin":7,"minecraft:light_gray_bed":1,"minecraft:stone_pickaxe":17,"horror_element_mod:phished_head":1,"minecraft:oak_planks":26,"minecraft:black_bed":2,"minecraft:oak_log":1,"bunker_down:steel_block":1,"majruszsdifficulty:undead_army_treasure_bag":1,"minecraft:bread":8,"apocalypsenow:table_knife":3,"minecraft:stone_axe":4,"minecraft:cooked_porkchop":2,"majruszsdifficulty:bandage":23,"minecraft:coarse_dirt":1},"minecraft:killed":{"apocalypsenow:crawler_3":1,"apocalypsenow:walker_19":1,"apocalypsenow:walker_1":1,"sanitydim:rotting_stalker":1,"apocalypsenow:runner_35":1,"sanitydim:sneaking_terror":1,"minecraft:skeleton":5,"apocalypsenow:walker_15":1,"apocalypsenow:crawler_1":1,"apocalypsenow:runner_42":2,"apocalypsenow:runner_45":4,"apocalypsenow:walker_10":1,"minecraft:drowned":1,"apocalypsenow:runner_34":7,"zombie_extreme:runner":1,"apocalypsenow:walker_4":1,"zombie_extreme:boomer":1,"zombie_extreme:infected":1,"apocalypsenow:runner_40":1,"minecraft:salmon":1,"apocalypsenow:walker_21":2,"apocalypsenow:runner_50":3,"minecraft:creeper":1,"kevin_trophy:crawler_zombie":1,"minecraft:zombie":5,"apocalypsenow:runner_43":2,"apocalypsenow:crawler_2":1,"zombie_extreme:assasin_black_ops":1,"apocalypsenow:runner_51":2,"apocalypsenow:walker_6":1,"apocalypsenow:walker_2":1},"minecraft:custom":{"minecraft:mob_kills":53,"minecraft:interact_with_crafting_table":4,"minecraft:leave_game":2,"minecraft:time_since_death":0,"minecraft:climb_one_cm":33050,"minecraft:sprint_one_cm":138541,"minecraft:walk_one_cm":342416,"minecraft:drop":30,"minecraft:play_time":180129,"minecraft:sneak_time":3671,"minecraft:deaths":10,"minecraft:walk_under_water_one_cm":35488,"minecraft:jump":910,"minecraft:walk_on_water_one_cm":75230,"minecraft:total_world_time":180129,"minecraft:interact_with_furnace":5,"minecraft:sleep_in_bed":7,"minecraft:time_since_rest":0,"minecraft:damage_taken":5276,"minecraft:damage_dealt":23702,"minecraft:swim_one_cm":26922,"minecraft:fly_one_cm":53206,"minecraft:player_kills":2,"minecraft:open_chest":44,"minecraft:crouch_one_cm":4862,"minecraft:interact_with_smoker":1,"minecraft:fall_one_cm":20249},"minecraft:crafted":{"minecraft:oak_planks":4,"minecraft:leather":1,"minecraft:stone_pickaxe":1,"minecraft:cooked_porkchop":2,"minecraft:stone_axe":1,"minecraft:stick":8,"minecraft:stone_sword":1},"minecraft:picked_up":{"apocalypsenow:bloodybandages":2,"minecraft:enchanted_book":8,"ava:shotgun_ammo":204,"minecraft:brick":1,"apocalypsenow:throwableknife":4,"apocalypsenow:medicalkit":40,"minecraft:spruce_planks":1,"apocalypsenow:can":1,"minecraft:iron_nugget":4,"hunting_delight:pigcorpse":1,"minecraft:chest":3,"minecraft:tipped_arrow":3,"minecraft:stick":7,"hunting_delight:humanmeat":4,"apocalypsenow:plank":1,"additionalguns:m1014":1,"minecraft:porkchop":3,"apocalypsenow:bullet_belt_chestplate":3,"fallout_inspired_power_armor:shotgun_shell":12,"minecraft:stone_sword":3,"minecraft:arrow":86,"minecraft:light_gray_bed":1,"minecraft:rotten_flesh":24,"apocalypsenow:comb":3,"apocalypsenow:glue":4,"majruszsdifficulty:soul_jar":3,"zombie_extreme:rotten_apple":3,"projectvibrantjourneys:cattail":2,"firstaid:bandage":103,"majruszsdifficulty:undead_army_treasure_bag":1,"apocalypsenow:wine":1,"minecraft:cobblestone":8,"ava:remington870":10,"apocalypsenow:club":1,"taccraft:assault_vest_helmet":4,"bunker_down:brittle_pickaxe":1,"minecraft:black_bed":2,"majruszsdifficulty:cloth":128,"minecraft:flint":4,"minecraft:oak_log":2,"bunker_down:steel_block":2,"apocalypsenow:canned_corn":2,"horror_element_mod:phished_head":1,"minecraft:bone":18,"taccraft:assault_vest_boots":5,"minecraft:wheat_seeds":74,"minecraft:gray_terracotta":10,"apocalypsenow:bandage":12,"minecraft:bow":3,"apocalypsenow:sytche_machete":1,"apocalypsenow:human_flesh":2,"majruszsdifficulty:golden_bandage":47,"minecraft:stone_pickaxe":1,"apocalypsenow:bottle":2,"apocalypsenow:crowbar":3,"minecraft:oak_planks":27,"taccraft:assault_vest_leggings":2,"apocalypsenow:chainsaw":1,"firstaid:plaster":7,"minecraft:cooked_porkchop":134,"minecraft:pumpkin":17,"minecraft:quartz":1,"majruszsdifficulty:bandage":65,"apocalypsenow:mcu2p_gasmask_helmet":4,"hunting_delight:animal_fat":11,"hunting_delight:animal_fat_block":2,"taccraft:assault_vest_chestplate":5,"cgm:shell":23,"minecraft:polished_andesite":2,"minecraft:dark_prismarine_slab":1,"apocalypsenow:matches":1,"minecraft:stone_axe":1,"additionalguns:bullet_short":23,"hunting_delight:broken_bone":307,"minecraft:bread":25,"minecraft:oak_sapling":1,"minecraft:bricks":11,"ava:m4a1":2}},"DataVersion":3120}