{
  "minecraft:recipes/misc/charcoal": {
    "criteria": {
      "has_log": "2024-05-21 22:48:57 +0000"
    },
    "done": true
  },
  "minecraft:recipes/building_blocks/oak_planks": {
    "criteria": {
      "has_logs": "2024-05-21 22:48:57 +0000"
    },
    "done": true
  },
  "minecraft:recipes/building_blocks/oak_wood": {
    "criteria": {
      "has_log": "2024-05-21 22:48:57 +0000"
    },
    "done": true
  },
  "minecraft:adventure/adventuring_time": {
    "criteria": {
      "minecraft:stony_shore": "2024-05-21 22:48:47 +0000",
      "minecraft:jungle": "2024-05-21 22:48:28 +0000"
    },
    "done": false
  },
  "DataVersion": 3120
}